Topic 1,learning,algorithm,function,signal,matrix,network,component,information,data,model
Topic 2,input,network,current,cmm,training,protein,number,point,output,data
Topic 3,network,cell,neuron,object,model,input,visual,motion,unit,neural
Topic 4,network,learning,input,unit,model,training,task,set,neural,output
Topic 5,algorithm,data,learning,function,vector,set,pattern,training,network,margin
Topic 6,model,algorithm,pattern,set,map,function,learning,data,cell,input
Topic 7,model,data,network,function,algorithm,distribution,neural,point,space,learning
Topic 8,model,learning,system,network,control,movement,visual,neural,motor,eye
Topic 9,network,function,neural,system,learning,model,unit,input,result,set
Topic 10,learning,function,action,algorithm,policy,model,problem,control,optimal,reinforcement
Topic 11,learning,network,error,function,training,set,weight,model,input,neural
Topic 12,circuit,model,output,input,cell,system,response,signal,network,neural
Topic 13,cell,model,input,visual,neuron,network,field,system,orientation,cortex
Topic 14,image,model,images,network,set,object,data,recognition,face,feature
Topic 15,network,character,recognition,word,neural,set,input,system,model,image
Topic 16,network,learning,neural,input,model,training,function,problem,unit,task
Topic 17,network,model,neural,input,system,set,neuron,unit,function,output
Topic 18,network,neural,training,set,input,system,data,output,unit,problem
Topic 19,network,chip,circuit,input,neuron,weight,neural,analog,output,current
Topic 20,model,cell,data,system,classifier,network,channel,neural,function,set
Topic 21,network,unit,algorithm,learning,function,model,set,input,weight,training
Topic 22,model,algorithm,data,set,system,learning,parameter,point,number,network
Topic 23,neuron,model,spike,input,network,firing,cell,synaptic,neural,system
Topic 24,model,network,data,training,set,error,parameter,neural,system,input
Topic 25,network,neural,input,learning,unit,set,algorithm,training,model,information
Topic 26,function,algorithm,vector,set,problem,kernel,training,method,data,error
Topic 27,david,michael,john,richard,peter,index,author,thomas,eric,paul
Topic 28,network,function,unit,input,weight,neural,output,training,learning,layer
Topic 29,network,input,system,neural,model,learning,output,signal,data,training
Topic 30,network,input,learning,model,synaptic,pattern,memory,unit,neuron,function
